CREATE DATABASE  IF NOT EXISTS `blogbd` /*!40100 DEFAULT CHARACTER SET utf8mb3 COLLATE utf8mb3_general_ci */;
USE `blogbd`;
-- MariaDB dump 10.19  Distrib 10.6.16-MariaDB, for debian-linux-gnu (x86_64)
--
-- Host: 127.0.0.1    Database: blogbd
-- ------------------------------------------------------
-- Server version	10.6.16-MariaDB-0ubuntu0.22.04.1

/*!40101 SET @OLD_CHARACTER_SET_CLIENT=@@CHARACTER_SET_CLIENT */;
/*!40101 SET @OLD_CHARACTER_SET_RESULTS=@@CHARACTER_SET_RESULTS */;
/*!40101 SET @OLD_COLLATION_CONNECTION=@@COLLATION_CONNECTION */;
/*!40101 SET NAMES utf8 */;
/*!40103 SET @OLD_TIME_ZONE=@@TIME_ZONE */;
/*!40103 SET TIME_ZONE='+00:00' */;
/*!40014 SET @OLD_UNIQUE_CHECKS=@@UNIQUE_CHECKS, UNIQUE_CHECKS=0 */;
/*!40014 SET @OLD_FOREIGN_KEY_CHECKS=@@FOREIGN_KEY_CHECKS, FOREIGN_KEY_CHECKS=0 */;
/*!40101 SET @OLD_SQL_MODE=@@SQL_MODE, SQL_MODE='NO_AUTO_VALUE_ON_ZERO' */;
/*!40111 SET @OLD_SQL_NOTES=@@SQL_NOTES, SQL_NOTES=0 */;

--
-- Table structure for table `categoria`
--

DROP TABLE IF EXISTS `categoria`;
/*!40101 SET @saved_cs_client     = @@character_set_client */;
/*!40101 SET character_set_client = utf8 */;
CREATE TABLE `categoria` (
  `idcat` int(11) NOT NULL AUTO_INCREMENT,
  `nomecat` varchar(100) DEFAULT NULL,
  PRIMARY KEY (`idcat`)
) ENGINE=InnoDB AUTO_INCREMENT=5 DEFAULT CHARSET=utf8mb3 COLLATE=utf8mb3_general_ci;
/*!40101 SET character_set_client = @saved_cs_client */;

--
-- Dumping data for table `categoria`
--

LOCK TABLES `categoria` WRITE;
/*!40000 ALTER TABLE `categoria` DISABLE KEYS */;
INSERT INTO `categoria` VALUES (1,'categoria 1'),(2,'categoria 2'),(3,'categoria 3'),(4,'categoria 4');
/*!40000 ALTER TABLE `categoria` ENABLE KEYS */;
UNLOCK TABLES;

--
-- Table structure for table `logs`
--

DROP TABLE IF EXISTS `logs`;
/*!40101 SET @saved_cs_client     = @@character_set_client */;
/*!40101 SET character_set_client = utf8 */;
CREATE TABLE `logs` (
  `id` int(11) unsigned NOT NULL AUTO_INCREMENT,
  `usuario` varchar(100) DEFAULT NULL,
  `ip` varchar(30) DEFAULT NULL,
  `acao` varchar(255) DEFAULT NULL,
  `data_acao` datetime DEFAULT NULL,
  PRIMARY KEY (`id`)
) ENGINE=InnoDB AUTO_INCREMENT=6579 DEFAULT CHARSET=utf8mb3 COLLATE=utf8mb3_general_ci;
/*!40101 SET character_set_client = @saved_cs_client */;

--
-- Dumping data for table `logs`
--

LOCK TABLES `logs` WRITE;
/*!40000 ALTER TABLE `logs` DISABLE KEYS */;
/*!40000 ALTER TABLE `logs` ENABLE KEYS */;
UNLOCK TABLES;

--
-- Table structure for table `nivel`
--

DROP TABLE IF EXISTS `nivel`;
/*!40101 SET @saved_cs_client     = @@character_set_client */;
/*!40101 SET character_set_client = utf8 */;
CREATE TABLE `nivel` (
  `idnivel` int(11) NOT NULL AUTO_INCREMENT,
  `nomenivel` varchar(255) DEFAULT NULL,
  PRIMARY KEY (`idnivel`)
) ENGINE=InnoDB AUTO_INCREMENT=4 DEFAULT CHARSET=utf8mb3 COLLATE=utf8mb3_general_ci;
/*!40101 SET character_set_client = @saved_cs_client */;

--
-- Dumping data for table `nivel`
--

LOCK TABLES `nivel` WRITE;
/*!40000 ALTER TABLE `nivel` DISABLE KEYS */;
INSERT INTO `nivel` VALUES (1,'Admin'),(2,'Escritor'),(3,'Redator');
/*!40000 ALTER TABLE `nivel` ENABLE KEYS */;
UNLOCK TABLES;

--
-- Table structure for table `permissao`
--

DROP TABLE IF EXISTS `permissao`;
/*!40101 SET @saved_cs_client     = @@character_set_client */;
/*!40101 SET character_set_client = utf8 */;
CREATE TABLE `permissao` (
  `id` int(11) NOT NULL AUTO_INCREMENT,
  `iduser` int(11) DEFAULT NULL,
  `idsituacao` int(11) DEFAULT NULL,
  `idcat` int(11) DEFAULT NULL,
  `idnivel` varchar(45) DEFAULT NULL,
  PRIMARY KEY (`id`)
) ENGINE=InnoDB AUTO_INCREMENT=5 DEFAULT CHARSET=utf8mb3 COLLATE=utf8mb3_general_ci;
/*!40101 SET character_set_client = @saved_cs_client */;

--
-- Dumping data for table `permissao`
--

LOCK TABLES `permissao` WRITE;
/*!40000 ALTER TABLE `permissao` DISABLE KEYS */;
INSERT INTO `permissao` VALUES (1,1,1,1,'1'),(2,2,1,2,'3'),(3,1,1,3,'1'),(4,2,1,4,'3');
/*!40000 ALTER TABLE `permissao` ENABLE KEYS */;
UNLOCK TABLES;

--
-- Table structure for table `posts`
--

DROP TABLE IF EXISTS `posts`;
/*!40101 SET @saved_cs_client     = @@character_set_client */;
/*!40101 SET character_set_client = utf8 */;
CREATE TABLE `posts` (
  `id` int(11) NOT NULL AUTO_INCREMENT,
  `categoria` int(11) DEFAULT NULL,
  `titulo` varchar(100) DEFAULT NULL,
  `conteudo` varchar(255) DEFAULT NULL,
  `situacao` varchar(7) DEFAULT NULL,
  `criado` date DEFAULT NULL,
  `usuario` int(11) DEFAULT NULL,
  PRIMARY KEY (`id`)
) ENGINE=InnoDB AUTO_INCREMENT=3 DEFAULT CHARSET=utf8mb3 COLLATE=utf8mb3_general_ci;
/*!40101 SET character_set_client = @saved_cs_client */;

--
-- Dumping data for table `posts`
--

LOCK TABLES `posts` WRITE;
/*!40000 ALTER TABLE `posts` DISABLE KEYS */;
INSERT INTO `posts` VALUES (1,1,'Titulo 1','Conteudo 1','1','2024-05-22',1),(2,2,'Titulo 2','Conteudo 2','1','2024-05-21',2);
/*!40000 ALTER TABLE `posts` ENABLE KEYS */;
UNLOCK TABLES;

--
-- Table structure for table `situacao`
--

DROP TABLE IF EXISTS `situacao`;
/*!40101 SET @saved_cs_client     = @@character_set_client */;
/*!40101 SET character_set_client = utf8 */;
CREATE TABLE `situacao` (
  `idsit` int(11) NOT NULL AUTO_INCREMENT,
  `nomesit` varchar(45) DEFAULT NULL,
  PRIMARY KEY (`idsit`)
) ENGINE=InnoDB AUTO_INCREMENT=4 DEFAULT CHARSET=utf8mb3 COLLATE=utf8mb3_general_ci;
/*!40101 SET character_set_client = @saved_cs_client */;

--
-- Dumping data for table `situacao`
--

LOCK TABLES `situacao` WRITE;
/*!40000 ALTER TABLE `situacao` DISABLE KEYS */;
INSERT INTO `situacao` VALUES (1,'Ativo'),(2,'Inativo'),(3,'Processando');
/*!40000 ALTER TABLE `situacao` ENABLE KEYS */;
UNLOCK TABLES;

--
-- Table structure for table `usuario`
--

DROP TABLE IF EXISTS `usuario`;
/*!40101 SET @saved_cs_client     = @@character_set_client */;
/*!40101 SET character_set_client = utf8 */;
CREATE TABLE `usuario` (
  `idusuario` int(11) NOT NULL AUTO_INCREMENT,
  `nomeuser` varchar(255) DEFAULT NULL,
  `emailuser` varchar(255) DEFAULT NULL,
  `senha` varchar(255) DEFAULT NULL,
  `recuperasenha` varchar(255) DEFAULT NULL,
  `situacaouser` int(11) DEFAULT NULL,
  `idnivel` varchar(45) DEFAULT NULL,
  PRIMARY KEY (`idusuario`)
) ENGINE=InnoDB AUTO_INCREMENT=3 DEFAULT CHARSET=utf8mb3 COLLATE=utf8mb3_general_ci;
/*!40101 SET character_set_client = @saved_cs_client */;

--
-- Dumping data for table `usuario`
--

LOCK TABLES `usuario` WRITE;
/*!40000 ALTER TABLE `usuario` DISABLE KEYS */;
INSERT INTO `usuario` VALUES (1,'Adamo','admin@admin.com.br','$2y$10$8GC8/Ur/wKzUwhZjo8IA6.M9DiAwOoPGxsVkyQQoAREVlpvTbUGrK',NULL,1,'1'),(2,'Teste','teste@testando.com.br','$2y$10$j9KoCmC0RUl26GByPlu2suGq7JrO9kMCRXXwchPIX8eMR9HVEJWLK',NULL,1,'3');
/*!40000 ALTER TABLE `usuario` ENABLE KEYS */;
UNLOCK TABLES;
/*!40103 SET TIME_ZONE=@OLD_TIME_ZONE */;

/*!40101 SET SQL_MODE=@OLD_SQL_MODE */;
/*!40014 SET FOREIGN_KEY_CHECKS=@OLD_FOREIGN_KEY_CHECKS */;
/*!40014 SET UNIQUE_CHECKS=@OLD_UNIQUE_CHECKS */;
/*!40101 SET CHARACTER_SET_CLIENT=@OLD_CHARACTER_SET_CLIENT */;
/*!40101 SET CHARACTER_SET_RESULTS=@OLD_CHARACTER_SET_RESULTS */;
/*!40101 SET COLLATION_CONNECTION=@OLD_COLLATION_CONNECTION */;
/*!40111 SET SQL_NOTES=@OLD_SQL_NOTES */;

-- Dump completed on 2024-06-24 18:26:05
